{
"name": "animatrix",
"flags": {
	"0": { "outline": [[0.3578,0.396298],[0.344349,0.388025],[0.331377,0.379019],[0.318925,0.369307],[0.307032,0.358918],[0.295733,0.347885],[0.285065,0.336242],[0.275059,0.324025],[0.265746,0.311272],[0.257156,0.298021],[0.249315,0.284314],[0.242246,0.270193],[0.235972,0.255701],[0.230512,0.240883],[0.225883,0.225785],[0.222099,0.210454],[0.219172,0.194936],[0.217111,0.179279],[0.215922,0.163532],[0.215609,0.147744],[0.216173,0.131962],[0.217611,0.116236],[0.219921,0.100614],[0.223094,0.0851449],[0.22712,0.0698753],[0.231988,0.0548527],[0.237682,0.0401235],[0.244185,0.025733],[0.251477,0.0117256],[0.259535,-0.00185533],[0.268335,-0.0149682],[0.277848,-0.0275724],[0.288047,-0.0396291],[0.298899,-0.0511012],[0.374312,0.0243118],[0.367529,0.0314818],[0.361155,0.0390173],[0.355209,0.0468949],[0.34971,0.0550904],[0.344673,0.0635785],[0.340116,0.0723331],[0.336052,0.0813272],[0.332493,0.0905329],[0.32945,0.099922],[0.326933,0.109466],[0.32495,0.119134],[0.323507,0.128898],[0.322608,0.138726],[0.322256,0.14859],[0.322451,0.158458],[0.323194,0.168299],[0.324483,0.178085],[0.326312,0.187783],[0.328677,0.197366],[0.33157,0.206802],[0.334983,0.216063],[0.338904,0.22512],[0.343322,0.233946],[0.348223,0.242513],[0.353592,0.250795],[0.359412,0.258766],[0.365665,0.266401],[0.372333,0.273678],[0.379395,0.280574],[0.386828,0.287067],[0.394611,0.293137],[0.402718,0.298766],[0.411125,0.303936]] },
	"1": { "outline": [[0.5,0.15],[0.5,0.15],[0.5,0.15],[0.5,0.15],[0.5,0.15],[0.5,0.15],[0.5,0.15]] },
	"2": { "outline": [[0.298899,-0.0511012],[0.313758,-0.0649352],[0.329565,-0.0776739],[0.346242,-0.0892525],[0.363702,-0.0996119],[0.381856,-0.108699],[0.400612,-0.116468],[0.419875,-0.12288],[0.439546,-0.127901],[0.459526,-0.131505],[0.479711,-0.133675],[0.5,-0.1344],[0.520289,-0.133675],[0.540474,-0.131505],[0.560454,-0.127901],[0.580125,-0.12288],[0.599388,-0.116468],[0.618144,-0.108699],[0.636298,-0.0996119],[0.653758,-0.0892525],[0.670435,-0.0776739],[0.686242,-0.0649352],[0.701101,-0.0511011],[0.714935,-0.0362424],[0.727674,-0.0204346],[0.739253,-0.00375828],[0.749612,0.0137015],[0.758699,0.031856],[0.766469,0.0506124],[0.77288,0.0698753],[0.777901,0.0895465],[0.781505,0.109526],[0.783675,0.129711],[0.7844,0.15],[0.67775,0.15],[0.677297,0.137319],[0.675941,0.124704],[0.673688,0.112217],[0.67055,0.0999221],[0.666543,0.0878827],[0.661687,0.07616],[0.656007,0.0648135],[0.649533,0.0539011],[0.642296,0.0434784],[0.634335,0.0335985],[0.625688,0.0243118],[0.616401,0.0156655],[0.606522,0.00770381],[0.596099,0.000467166],[0.585186,-0.00600743],[0.57384,-0.0116871],[0.562117,-0.0165428],[0.550078,-0.0205499],[0.537784,-0.0236879],[0.525296,-0.0259408],[0.512681,-0.0272971],[0.5,-0.02775],[0.487319,-0.0272971],[0.474703,-0.0259408],[0.462217,-0.0236879],[0.449922,-0.0205499],[0.437883,-0.0165428],[0.42616,-0.0116871],[0.414813,-0.00600745],[0.403901,0.000467211],[0.393478,0.00770381],[0.383599,0.0156655],[0.374312,0.0243118]] },
	"3": { "outline": [[0.7844,0.15],[0.783827,0.168038],[0.782112,0.186003],[0.779261,0.203823],[0.775285,0.221426],[0.7702,0.238742],[0.764028,0.255701],[0.756792,0.272234],[0.748523,0.288274],[0.739253,0.303758],[0.729019,0.318623],[0.717863,0.332809],[0.70583,0.346258],[0.692968,0.358918],[0.679329,0.370736],[0.664968,0.381665],[0.649943,0.391662],[0.634314,0.400685],[0.618144,0.408699],[0.601498,0.415672],[0.584444,0.421574],[0.56705,0.426383],[0.549386,0.430079],[0.531522,0.432648],[0.513532,0.434078],[0.495488,0.434364],[0.477461,0.433506],[0.459526,0.431505],[0.441753,0.428371],[0.424215,0.424117],[0.406982,0.418758],[0.390123,0.412318],[0.373707,0.404821],[0.3578,0.396298],[0.411125,0.303936],[0.421067,0.309263],[0.431327,0.313948],[0.441864,0.317974],[0.452634,0.321323],[0.463596,0.323982],[0.474704,0.325941],[0.485913,0.327191],[0.49718,0.327728],[0.508458,0.327549],[0.519701,0.326655],[0.530866,0.32505],[0.541906,0.32274],[0.552778,0.319734],[0.563437,0.316045],[0.57384,0.311687],[0.583946,0.306678],[0.593714,0.301039],[0.603105,0.294791],[0.612081,0.28796],[0.620605,0.280574],[0.628644,0.272662],[0.636164,0.264255],[0.643137,0.255389],[0.649533,0.246099],[0.655327,0.236421],[0.660495,0.226396],[0.665017,0.216063],[0.668875,0.205464],[0.672053,0.194642],[0.674538,0.183639],[0.67632,0.172502],[0.677392,0.161274],[0.67775,0.15]] }
},
"outline": [[0.7844,0.15],[0.783827,0.168038],[0.782112,0.186003],[0.779261,0.203823],[0.775285,0.221426],[0.7702,0.238742],[0.764028,0.255701],[0.756792,0.272234],[0.748523,0.288274],[0.739253,0.303758],[0.729019,0.318623],[0.717863,0.332809],[0.70583,0.346258],[0.692968,0.358918],[0.679329,0.370736],[0.664968,0.381665],[0.649943,0.391662],[0.634314,0.400685],[0.618144,0.408699],[0.601498,0.415672],[0.584444,0.421574],[0.56705,0.426383],[0.549386,0.430079],[0.531522,0.432648],[0.513532,0.434078],[0.495488,0.434364],[0.477461,0.433506],[0.459526,0.431505],[0.441753,0.428371],[0.424215,0.424117],[0.406982,0.418758],[0.390123,0.412318],[0.373707,0.404821],[0.3578,0.396298],[0.342465,0.386783],[0.327765,0.376315],[0.313758,0.364935],[0.300501,0.35269],[0.288047,0.339629],[0.276446,0.325804],[0.265746,0.311272],[0.255989,0.29609],[0.247215,0.28032],[0.239459,0.264025],[0.232751,0.247271],[0.22712,0.230125],[0.222588,0.212656],[0.219172,0.194936],[0.216888,0.177034],[0.215743,0.159023],[0.215743,0.140977],[0.216888,0.122966],[0.219172,0.105064],[0.222588,0.0873437],[0.22712,0.0698753],[0.232751,0.0527295],[0.239459,0.0359753],[0.247215,0.0196804],[0.25599,0.00391012],[0.265746,-0.0112719],[0.276446,-0.0258044],[0.288047,-0.0396291],[0.300501,-0.0526902],[0.313758,-0.0649352],[0.327765,-0.0763147],[0.342465,-0.0867829],[0.3578,-0.0962977],[0.373707,-0.104821],[0.390123,-0.112318],[0.406982,-0.118758],[0.424215,-0.124117],[0.441753,-0.128371],[0.459526,-0.131505],[0.477461,-0.133506],[0.495488,-0.134364],[0.513532,-0.134078],[0.531522,-0.132648],[0.549386,-0.130079],[0.56705,-0.126383],[0.584444,-0.121574],[0.601498,-0.115672],[0.618144,-0.108699],[0.634314,-0.100685],[0.649943,-0.0916619],[0.664968,-0.0816654],[0.679329,-0.070736],[0.692968,-0.0589178],[0.70583,-0.0462584],[0.717863,-0.0328088],[0.729019,-0.018623],[0.739253,-0.00375828],[0.748523,0.0117256],[0.756792,0.0277663],[0.764028,0.0442992],[0.7702,0.0612577],[0.775285,0.0785735],[0.779261,0.096177],[0.782112,0.113997],[0.783827,0.131962]],
"inputs": [[0.185,0.3689,147.42],[0.2379,0.4309,134.38],[0.3033,0.4795,121.29],[0.3778,0.5126,108.18],[0.4578,0.5284,95.07],[0.5393,0.5275,81.97],[0.6189,0.51,68.95],[0.6927,0.4753,56.03],[0.7571,0.4254,43.19],[0.8088,0.3625,30.45]],
"outputs": [[0.185,-0.0564,-143.9],[0.2379,-0.1184,-130.32],[0.3033,-0.167,-116.92],[0.3778,-0.2001,-103.75],[0.4578,-0.2159,-90.8],[0.5393,-0.215,-78.09],[0.6189,-0.1975,-65.65],[0.6927,-0.1628,-53.42],[0.7571,-0.1129,-41.39],[0.8088,-0.05,-29.51]],
"icon": [[0.393,0.043],[0.603,0.253]]
}