{
"name": "rect",
"flags": {
	"0": { "outline": [[0.3575,0.396817],[0.347084,0.390503],[0.336947,0.383749],[0.327108,0.376568],[0.317584,0.368974],[0.308394,0.360979],[0.299554,0.352599],[0.29108,0.343849],[0.282988,0.334745],[0.275292,0.325303],[0.268007,0.315542],[0.261145,0.305477],[0.25472,0.295129],[0.248742,0.284516],[0.243224,0.273657],[0.238175,0.262572],[0.233604,0.251281],[0.229519,0.239806],[0.225929,0.228166],[0.222839,0.216384],[0.220256,0.20448],[0.218183,0.192477],[0.216626,0.180396],[0.215586,0.16826],[0.215065,0.15609],[0.215065,0.14391],[0.215586,0.13174],[0.216626,0.119604],[0.218183,0.107523],[0.220256,0.0955197],[0.222839,0.0836161],[0.225929,0.0718338],[0.229519,0.0601941],[0.233604,0.0487186],[0.238175,0.0374281],[0.243224,0.0263431],[0.248742,0.015484],[0.25472,0.00487083],[0.261145,-0.00547749],[0.268007,-0.0155417],[0.275292,-0.0253035],[0.282988,-0.0347452],[0.29108,-0.0438493],[0.299554,-0.0525993],[0.308394,-0.0609792],[0.317584,-0.0689738],[0.327108,-0.0765684],[0.336947,-0.0837491],[0.347084,-0.0905029],[0.3575,-0.0968173],[0.41,-0.00588465],[0.403421,-0.00189656],[0.397019,0.00236899],[0.390805,0.00690418],[0.38479,0.0117007],[0.378986,0.01675],[0.373403,0.0220426],[0.368051,0.0275689],[0.36294,0.0333189],[0.358079,0.039282],[0.353478,0.0454473],[0.349144,0.0518036],[0.345086,0.0583394],[0.341311,0.0650426],[0.337826,0.0719009],[0.334637,0.0789019],[0.33175,0.0860328],[0.32917,0.0932805],[0.326902,0.100632],[0.324951,0.108073],[0.323319,0.115591],[0.322011,0.123172],[0.321027,0.130802],[0.32037,0.138467],[0.320041,0.146153],[0.320041,0.153847],[0.32037,0.161533],[0.321027,0.169198],[0.32201,0.176828],[0.323319,0.184409],[0.324951,0.191927],[0.326902,0.199368],[0.32917,0.206719],[0.33175,0.213967],[0.334637,0.221098],[0.337826,0.228099],[0.341311,0.234957],[0.345086,0.241661],[0.349144,0.248196],[0.353478,0.254553],[0.358079,0.260718],[0.36294,0.266681],[0.368051,0.272431],[0.373403,0.277957],[0.378986,0.28325],[0.38479,0.288299],[0.390805,0.293096],[0.397019,0.297631],[0.403421,0.301897],[0.41,0.305885]] },
	"1": { "outline": [[0.3575,-0.0968172],[0.368177,-0.102681],[0.379094,-0.108083],[0.390232,-0.113013],[0.401571,-0.117463],[0.41309,-0.121425],[0.424767,-0.124891],[0.436582,-0.127854],[0.448512,-0.13031],[0.460537,-0.132255],[0.472633,-0.133683],[0.48478,-0.134593],[0.496955,-0.134984],[0.509135,-0.134854],[0.521298,-0.134203],[0.533423,-0.133033],[0.545486,-0.131347],[0.557466,-0.129146],[0.569342,-0.126436],[0.58109,-0.12322],[0.592691,-0.119506],[0.604122,-0.115299],[0.615363,-0.110608],[0.626394,-0.10544],[0.637193,-0.099806],[0.647742,-0.0937157],[0.658021,-0.0871801],[0.668011,-0.0802113],[0.677695,-0.072822],[0.687053,-0.0650256],[0.696071,-0.0568364],[0.70473,-0.0482696],[0.713015,-0.0393404],[0.72091,-0.0300654],[0.728403,-0.0204615],[0.735478,-0.0105462],[0.742123,-0.00033766],[0.748326,0.0101455],[0.754075,0.0208842],[0.75936,0.0318586],[0.764171,0.0430489],[0.7685,0.0544346],[0.772338,0.0659948],[0.775679,0.0777084],[0.778516,0.0895542],[0.780845,0.10151],[0.78266,0.113555],[0.783959,0.125666],[0.78474,0.137822],[0.785,0.15],[0.68,0.15],[0.679836,0.142309],[0.679343,0.134631],[0.678522,0.126982],[0.677376,0.119375],[0.675905,0.111824],[0.674113,0.104342],[0.672003,0.0969441],[0.669579,0.0896429],[0.666845,0.0824519],[0.663806,0.0753844],[0.660468,0.0684531],[0.656837,0.0616708],[0.65292,0.0550499],[0.648723,0.0486024],[0.644254,0.0423401],[0.639522,0.0362744],[0.634536,0.0304165],[0.629303,0.0247771],[0.623834,0.0193664],[0.618139,0.0141943],[0.612228,0.00927037],[0.606112,0.00460333],[0.599803,0.000202],[0.593311,-0.00392568],[0.586648,-0.00777227],[0.579828,-0.0113306],[0.572861,-0.0145943],[0.565761,-0.0175573],[0.558542,-0.0202143],[0.551215,-0.0225602],[0.543795,-0.024591],[0.536295,-0.0263029],[0.528728,-0.0276927],[0.521109,-0.028758],[0.513451,-0.0294967],[0.505769,-0.0299075],[0.498077,-0.0299897],[0.490387,-0.0297431],[0.482716,-0.0291683],[0.475076,-0.028266],[0.467481,-0.0270383],[0.459946,-0.0254871],[0.452484,-0.0236153],[0.445109,-0.0214264],[0.437834,-0.0189244],[0.430673,-0.0161137],[0.423638,-0.0129997],[0.416743,-0.00958788],[0.41,-0.00588459]] },
	"2": { "outline": [[0.3575,-0.0968172],[0.368177,-0.102681],[0.379094,-0.108083],[0.390232,-0.113013],[0.401571,-0.117463],[0.41309,-0.121425],[0.424767,-0.124891],[0.436582,-0.127854],[0.448512,-0.13031],[0.460537,-0.132255],[0.472633,-0.133683],[0.48478,-0.134593],[0.496955,-0.134984],[0.509135,-0.134854],[0.521298,-0.134203],[0.533423,-0.133033],[0.545486,-0.131347],[0.557466,-0.129146],[0.569342,-0.126436],[0.58109,-0.12322],[0.592691,-0.119506],[0.604122,-0.115299],[0.615363,-0.110608],[0.626394,-0.10544],[0.637193,-0.099806],[0.647742,-0.0937157],[0.658021,-0.0871801],[0.668011,-0.0802113],[0.677695,-0.072822],[0.687053,-0.0650256],[0.696071,-0.0568364],[0.70473,-0.0482696],[0.713015,-0.0393404],[0.72091,-0.0300654],[0.728403,-0.0204615],[0.735478,-0.0105462],[0.742123,-0.00033766],[0.748326,0.0101455],[0.754075,0.0208842],[0.75936,0.0318586],[0.764171,0.0430489],[0.7685,0.0544346],[0.772338,0.0659948],[0.775679,0.0777084],[0.778516,0.0895542],[0.780845,0.10151],[0.78266,0.113555],[0.783959,0.125666],[0.78474,0.137822],[0.785,0.15],[0.68,0.15],[0.679836,0.142309],[0.679343,0.134631],[0.678522,0.126982],[0.677376,0.119375],[0.675905,0.111824],[0.674113,0.104342],[0.672003,0.0969441],[0.669579,0.0896429],[0.666845,0.0824519],[0.663806,0.0753844],[0.660468,0.0684531],[0.656837,0.0616708],[0.65292,0.0550499],[0.648723,0.0486024],[0.644254,0.0423401],[0.639522,0.0362744],[0.634536,0.0304165],[0.629303,0.0247771],[0.623834,0.0193664],[0.618139,0.0141943],[0.612228,0.00927037],[0.606112,0.00460333],[0.599803,0.000202],[0.593311,-0.00392568],[0.586648,-0.00777227],[0.579828,-0.0113306],[0.572861,-0.0145943],[0.565761,-0.0175573],[0.558542,-0.0202143],[0.551215,-0.0225602],[0.543795,-0.024591],[0.536295,-0.0263029],[0.528728,-0.0276927],[0.521109,-0.028758],[0.513451,-0.0294967],[0.505769,-0.0299075],[0.498077,-0.0299897],[0.490387,-0.0297431],[0.482716,-0.0291683],[0.475076,-0.028266],[0.467481,-0.0270383],[0.459946,-0.0254871],[0.452484,-0.0236153],[0.445109,-0.0214264],[0.437834,-0.0189244],[0.430673,-0.0161137],[0.423638,-0.0129997],[0.416743,-0.00958788],[0.41,-0.00588459]] },